Animali_fantastici_e_dove_trovarli	tv
The_Big_Bang_Theory	tv
È_arrivata_la_felicità_(serie_televisiva)	tv
Animali_fantastici_-_I_crimini_di_Grindelwald	cinema
Miguel_Ángel_Félix_Gallardo	tv
Harry_Potter	cinema
Iris_(rete_televisiva)	tv
Sky_Cinema_Cult	tv
Bohemian_Rhapsody_(film)	cinema
Clan_dei_Casamonica	news
Vincenzo_Grifo	calcio
L'amica_geniale_(romanzo)	tv
Grey's_Anatomy	tv
Baby_(serie_televisiva)	tv
Il_Trono_di_Spade_(serie_televisiva)	tv
UEFA_Nations_League	calcio
È_arrivata_la_felicità_(serie_televisiva)	tv
Quantico_(serie_televisiva)	tv
Albus_Silente	cinema
Sandro_Mayer	news
Premium_Cinema	none
Episodi_di_The_Walking_Dead_(sesta_stagione)	tv
La_ragazza_del_dipinto	tv
The_Walking_Dead_(serie_televisiva)	tv
Bike_Channel	tv
Medici	tv
Coppa_Italia_2015-2016	calcio
Donatella_(gruppo_musicale)	tv
I_Medici_(serie_televisiva)	tv
L'amica_geniale	tv
Gellert_Grindelwald	cinema
The_Visit_(film_2015)	cinema
Alessandro_Cecchi_Paone	tv
L'amica_geniale_(serie_televisiva)	tv
New_Amsterdam_(serie_televisiva_2018)	tv
Hachiko_-_Il_tuo_migliore_amico	tv
L'ultimo_imperatore	tv
Andrea_Mainardi	tv
Benedetta_Mazza	tv
Elena_Ferrante	tv
Black_Friday_(shopping)	festa
La_casa_di_carta	tv
Il_ponte_delle_spie	tv
Studio_Universal	none
TeleColor	tv
The_Vampire_Diaries	tv
Cherofobia	tv
Il_segreto_dei_suoi_occhi_(film_2015)	tv
